<?xml version="1.0" encoding="UTF-8"?>
<project-private xmlns="http://www.netbeans.org/ns/project-private/1">
    <editor-bookmarks xmlns="http://www.netbeans.org/ns/editor-bookmarks/2" lastBookmarkId="0"/>
    <open-files xmlns="http://www.netbeans.org/ns/projectui-open-files/2">
        <group>
            <file>file:/C:/Users/gugam/Documents/NetBeansProjects/Estruturas/src/estruturas/Celula.java</file>
            <file>file:/C:/Users/gugam/Documents/NetBeansProjects/Estruturas/src/estruturas/Pilha.java</file>
            <file>file:/C:/Users/gugam/Documents/NetBeansProjects/Estruturas/src/estruturas/Fila.java</file>
            <file>file:/C:/Users/gugam/Documents/NetBeansProjects/Estruturas/src/estruturas/IteradorLista.java</file>
            <file>file:/C:/Users/gugam/Documents/NetBeansProjects/Estruturas/src/estruturas/ListaEncadeada.java</file>
            <file>file:/C:/Users/gugam/Documents/NetBeansProjects/Estruturas/src/estruturas/ListaDuplaEncadeada.java</file>
            <file>file:/C:/Users/gugam/Documents/NetBeansProjects/Estruturas/src/estruturas/Vetor.java</file>
            <file>file:/C:/Users/gugam/Documents/NetBeansProjects/Estruturas/src/estruturas/teste.java</file>
        </group>
    </open-files>
</project-private>
